"0","0","0"
"0","0","1"
"0","1","2"
"0","1","3"
"0","1","4"
"0","1","5"
"0","2","6"
"0","2","7"
"0","2","8"
"0","2","9"
"0","3","10"
"0","3","11"
"0","3","12"
"0","3","13"
"0","4","14"
"0","4","15"
"0","5","16"
"0","5","17"
"0","6","18"
"0","6","19"
"0","6","20"
"0","7","21"
"0","7","22"
"0","7","23"
"0","7","24"
"0","8","25"
"0","8","26"
"0","8","28"
"0","9","27"
"0","9","29"
"0","9","30"
"0","9","31"
"1","0","32"
"1","0","33"
"1","1","34"
"1","1","35"
"1","1","36"
"1","2","37"
"1","2","38"
"1","2","39"
"1","2","68"
"1","3","40"
"1","3","41"
"1","3","42"
"1","3","104"
"1","4","43"
"1","4","44"
"1","4","45"
"1","4","47"
"1","5","46"
"1","5","48"
"1","6","49"
"1","6","50"
"1","7","51"
"1","7","52"
"1","7","53"
"1","8","54"
"1","8","55"
"1","8","56"
"1","8","72"
"1","9","57"
"1","9","58"
"2","0","59"
"2","0","60"
"2","0","61"
"2","1","62"
"2","1","63"
"2","2","64"
"2","2","74"
"2","3","65"
"2","4","66"
"2","4","80"
"2","5","67"
"2","5","69"
"2","5","70"
"2","6","71"
"2","7","73"
"2","8","75"
"2","8","76"
"2","8","77"
"2","9","78"
"2","9","79"
"3","0","109"
"3","1","81"
"3","2","112"
"3","3","82"
"3","5","83"
"3","5","84"
"3","6","86"
"3","7","85"
"3","7","87"
"3","8","88"
"3","9","89"
"3","9","90"
"4","0","91"
"4","1","92"
"4","1","93"
"4","3","94"
"4","3","95"
"4","4","96"
"4","4","97"
"4","6","98"
"4","7","99"
"4","8","100"
"4","8","103"
"4","9","101"
"5","1","102"
"5","1","105"
"5","2","106"
"5","4","107"
"5","4","122"
"5","5","108"
"5","5","110"
"5","6","111"
"5","6","113"
"5","7","114"
"5","8","115"
"5","9","116"
"6","0","117"
"6","0","118"
"6","1","119"
"6","1","120"
"6","1","147"
"6","2","121"
"6","2","123"
"6","2","124"
"6","3","125"
"6","3","126"
"6","4","127"
"6","5","128"
"6","5","163"
"6","6","129"
"6","6","130"
"6","6","132"
"6","7","131"
"6","7","133"
"6","7","134"
"6","8","135"
"6","9","136"
"7","0","137"
"7","1","138"
"7","2","139"
"7","2","140"
"7","3","141"
"7","3","144"
"7","4","142"
"7","4","143"
"7","5","145"
"7","6","146"
"7","6","148"
"7","7","149"
"7","8","150"
"7","8","151"
"7","8","154"
"7","9","152"
"7","9","162"
"8","0","153"
"8","1","155"
"8","4","156"
"8","5","157"
"8","6","158"
"8","8","159"
"9","0","160"
"9","0","161"
"9","1","164"
"9","1","165"
"9","2","166"
"9","3","171"
"9","4","167"
"9","5","168"
"9","6","169"
"9","7","170"
"9","9","172"
"9","9","173"
"10","0","174"
"10","0","179"
"10","1","175"
"10","1","176"
"10","2","177"
"10","2","178"
"10","3","180"
"10","4","181"
"10","4","182"
"10","4","183"
"10","5","184"
"10","5","185"
"10","5","186"
"10","6","187"
"10","7","188"
"10","7","189"
"10","7","190"
"10","8","191"
"10","8","192"
"10","9","193"
"10","9","194"
"10","9","195"
"11","0","196"
"11","0","197"
"11","0","198"
"11","1","199"
"11","1","201"
"11","2","200"
"11","2","202"
"11","2","203"
"11","2","204"
"11","3","205"
"11","3","206"
"11","4","207"
"11","4","208"
"11","4","209"
"11","4","211"
"11","5","210"
"11","5","212"
"11","6","213"
"11","6","214"
"11","6","215"
"11","6","216"
"11","7","217"
"11","7","218"
"11","8","219"
"11","8","220"
"11","9","221"
"11","9","222"
"12","0","223"
"12","2","229"
"12","3","224"
"12","3","225"
"12","4","226"
"12","4","231"
"12","5","227"
"12","5","228"
"12","6","230"
"12","7","233"
"12","8","232"
"12","8","234"
"13","0","235"
"13","0","236"
"13","1","237"
"13","1","238"
"13","2","239"
"13","3","240"
"13","3","241"
"13","3","244"
"13","4","242"
"13","4","243"
"13","4","245"
"13","5","246"
"13","5","247"
"13","6","248"
"13","6","249"
"13","7","250"
"13","8","251"
"13","8","252"
"13","8","253"
"13","9","254"
"13","9","255"
"14","0","256"
"14","0","257"
"14","1","258"
"14","2","259"
"14","2","261"
"14","3","260"
"14","4","262"
"14","5","263"
"14","6","264"
"14","6","265"
"14","7","266"
"14","8","267"
"14","8","268"
"14","8","269"
"14","9","270"
"15","0","271"
"15","0","273"
"15","1","272"
"15","2","274"
"15","2","275"
"15","2","276"
"15","2","277"
"15","3","278"
"15","4","279"
"15","4","287"
"15","5","280"
"15","5","281"
"15","6","282"
"15","6","283"
"15","6","284"
"15","7","285"
"15","8","286"
"15","8","288"
"15","9","289"
"15","9","290"
"16","0","291"
"16","0","292"
"16","1","293"
"16","1","294"
"16","1","296"
"16","2","295"
"16","2","297"
"16","3","298"
"16","3","299"
"16","4","300"
"16","4","301"
"16","4","302"
"16","4","303"
"16","5","304"
"16","5","305"
"16","5","306"
"16","6","307"
"16","6","308"
"16","6","309"
"16","7","310"
"16","7","311"
"16","7","312"
"16","8","313"
"16","8","314"
"16","8","315"
"16","9","316"
"16","9","317"
"16","9","319"
"17","0","318"
"17","1","320"
"17","1","321"
"17","1","322"
"17","2","323"
"17","2","324"
"17","3","325"
"17","3","326"
"17","4","327"
"17","4","328"
"17","4","329"
"17","5","330"
"17","5","331"
"17","6","332"
"17","6","333"
"17","7","334"
"17","7","335"
"17","8","338"
"17","9","336"
"18","0","337"
"18","0","339"
"18","1","340"
"18","2","350"
"18","3","341"
"18","4","342"
"18","4","343"
"18","5","344"
"18","6","345"
"18","6","346"
"18","7","347"
"18","7","348"
"18","7","354"
"18","8","349"
"18","8","351"
"18","9","352"
"19","0","353"
"19","0","355"
"19","0","358"
"19","1","356"
"19","1","360"
"19","2","357"
"19","2","359"
"19","3","361"
"19","3","364"
"19","4","362"
"19","5","363"
"19","5","365"
"19","5","366"
"19","5","367"
"19","6","368"
"19","6","369"
"19","6","370"
"19","6","373"
"19","7","371"
"19","7","372"
"19","8","374"
"19","9","375"
"19","9","376"
"20","0","377"
"20","0","380"
"20","1","378"
"20","1","379"
"20","2","381"
"20","2","387"
"20","3","383"
"20","4","382"
"20","4","384"
"20","5","385"
"20","6","386"
"20","7","388"
"20","7","389"
"20","7","392"
"20","8","390"
"20","8","391"
"20","8","394"
"20","9","393"
"20","9","395"
"20","9","396"
"21","0","397"
"21","0","398"
"21","0","399"
"21","1","400"
"21","1","401"
"21","2","402"
"21","2","403"
"21","3","404"
"21","3","405"
"21","3","406"
"21","4","407"
"21","5","408"
"21","5","409"
"21","6","410"
"21","6","411"
"21","7","412"
"21","7","413"
"21","7","428"
"21","8","414"
"21","8","415"
"21","9","416"
"22","0","417"
"22","0","418"
"22","1","419"
"22","1","420"
"22","1","421"
"22","2","422"
"22","2","423"
"22","2","424"
"22","2","425"
"22","3","426"
"22","3","427"
"22","3","429"
"22","4","430"
"22","4","431"
"22","4","432"
"22","5","433"
"22","5","434"
"22","6","435"
"22","6","436"
"22","7","437"
"22","7","438"
"22","7","439"
"22","8","440"
"22","8","441"
"22","8","446"
"22","9","442"
"22","9","443"
"23","1","444"
"23","2","445"
"23","3","447"
"23","4","448"
"23","5","449"
"23","6","450"
"23","7","451"
"23","7","454"
"23","8","452"
"23","8","453"
"23","9","455"
"24","1","456"
"24","1","457"
"24","3","458"
"24","5","459"
"24","5","460"
"24","6","461"
"24","6","469"
"24","7","462"
"24","8","463"
"25","0","464"
"25","1","465"
"25","2","466"
"25","3","467"
"25","5","468"
"25","5","471"
"25","6","470"
"25","6","472"
"25","7","473"
"25","8","474"
"25","9","475"
"26","0","476"
"26","0","477"
"26","0","478"
"26","1","479"
"26","1","480"
"26","1","481"
"26","2","482"
"26","2","483"
"26","3","484"
"26","3","485"
"26","4","486"
"26","4","487"
"26","5","488"
"26","5","489"
"26","6","490"
"26","6","491"
"26","7","492"
"26","7","503"
"26","8","493"
"26","8","494"
"26","9","495"
"26","9","496"
"26","9","497"
"27","1","498"
"27","2","499"
"27","2","527"
"27","3","500"
"27","4","504"
"27","5","501"
"27","6","502"
"27","6","505"
"27","8","506"
"27","8","507"
"27","9","508"
"27","9","509"
"28","0","510"
"28","1","511"
"28","1","512"
"28","2","513"
"28","3","514"
"28","4","515"
"28","4","516"
"28","4","517"
"28","5","518"
"28","5","519"
"28","5","521"
"28","6","520"
"28","6","522"
"28","7","523"
"28","8","524"
"28","8","525"
"28","9","526"
"28","9","528"
"29","0","529"
"29","0","542"
"29","2","530"
"29","4","531"
"29","4","532"
"29","6","533"
"29","6","534"
"29","7","535"
"29","9","536"
"29","9","537"
"30","0","538"
"30","0","539"
"30","1","540"
"30","1","541"
"30","1","543"
"30","2","544"
"30","2","545"
"30","2","546"
"30","2","547"
"30","3","548"
"30","3","549"
"30","3","556"
"30","4","550"
"30","4","560"
"30","5","551"
"30","5","552"
"30","5","553"
"30","6","554"
"30","6","557"
"30","7","555"
"30","7","558"
"30","7","559"
"30","8","561"
"30","8","562"
"30","8","563"
"30","8","565"
"30","9","564"
"30","9","566"
"30","9","567"
"30","9","572"
"31","0","568"
"31","0","569"
"31","1","570"
"31","2","571"
"31","3","573"
"31","4","574"
"31","4","575"
"31","5","576"
"31","5","577"
"31","6","578"
"31","7","579"
"31","7","580"
"31","8","581"
"31","8","582"
"31","9","583"
"32","0","584"
"32","0","585"
"32","1","616"
"32","3","590"
"32","4","593"
"32","6","586"
"32","6","587"
"32","8","589"
"33","0","588"
"33","1","591"
"33","2","592"
"33","3","594"
"33","3","595"
"33","3","596"
"33","4","597"
"33","5","598"
"33","6","599"
"33","6","600"
"33","6","603"
"33","7","601"
"33","7","602"
"33","8","604"
"33","8","605"
"33","9","606"
"33","9","607"
"33","9","608"
"34","0","609"
"34","1","610"
"34","2","611"
"34","3","612"
"34","5","613"
"34","6","614"
"34","6","615"
"34","7","617"
"34","7","619"
"34","8","618"
"34","9","620"
"35","0","621"
"35","0","622"
"35","0","623"
"35","1","624"
"35","1","625"
"35","2","626"
"35","2","627"
"35","2","628"
"35","3","629"
"35","3","630"
"35","3","632"
"35","4","631"
"35","4","633"
"35","4","634"
"35","5","635"
"35","5","636"
"35","6","637"
"35","6","638"
"35","6","639"
"35","7","640"
"35","7","641"
"35","8","642"
"35","8","643"
"35","8","644"
"35","9","645"
"35","9","646"
"36","0","647"
"36","2","648"
"36","3","649"
"36","3","650"
"36","4","651"
"36","4","652"
"36","6","653"
"36","7","654"
"36","8","655"
"36","8","656"
"36","9","671"
"37","0","657"
"37","0","658"
"37","0","659"
"37","1","660"
"37","1","724"
"37","2","661"
"37","2","662"
"37","2","663"
"37","3","664"
"37","3","665"
"37","3","666"
"37","4","667"
"37","4","668"
"37","5","669"
"37","5","670"
"37","5","672"
"37","6","673"
"37","6","674"
"37","7","675"
"37","7","676"
"37","7","677"
"37","8","678"
"37","8","679"
"37","8","680"
"37","9","681"
"37","9","682"
"37","9","736"
"38","0","683"
"38","0","684"
"38","0","685"
"38","1","686"
"38","1","687"
"38","1","691"
"38","2","688"
"38","2","689"
"38","3","690"
"38","3","692"
"38","4","693"
"38","4","694"
"38","5","695"
"38","6","696"
"38","7","697"
"38","7","698"
"38","8","700"
"38","9","699"
"38","9","701"
"39","0","702"
"39","0","703"
"39","0","704"
"39","0","705"
"39","1","706"
"39","1","707"
"39","1","708"
"39","2","709"
"39","2","710"
"39","2","711"
"39","2","712"
"39","3","713"
"39","3","714"
"39","3","721"
"39","4","715"
"39","4","716"
"39","4","717"
"39","5","718"
"39","5","719"
"39","6","720"
"39","6","722"
"39","6","723"
"39","6","725"
"39","7","726"
"39","7","727"
"39","7","728"
"39","8","729"
"39","8","730"
"39","8","731"
"39","8","732"
"39","9","733"
"39","9","734"
"40","1","735"
"40","1","737"
"40","2","741"
"40","3","738"
"40","4","739"
"40","5","742"
"40","6","740"
"40","9","744"
"41","0","743"
"41","1","745"
"41","1","746"
"41","2","747"
"41","2","748"
"41","3","749"
"41","3","750"
"41","4","751"
"41","5","752"
"41","6","753"
"41","6","754"
"41","7","755"
"41","8","756"
"41","8","757"
"41","8","759"
"41","9","758"
"42","0","760"
"42","0","761"
"42","2","762"
"42","3","763"
"42","4","764"
"42","4","766"
"42","5","765"
"42","7","767"
"42","7","768"
"42","9","770"
"43","0","769"
"43","0","771"
"43","0","772"
"43","1","773"
"43","2","774"
"43","2","775"
"43","2","776"
"43","3","777"
"43","3","778"
"43","4","779"
"43","4","780"
"43","5","781"
"43","6","782"
"43","6","783"
"43","6","784"
"43","7","785"
"43","7","786"
"43","8","787"
"43","8","788"
"43","9","789"
"44","0","793"
"44","4","790"
"44","5","791"
"44","6","792"
"44","6","796"
"44","7","794"
"44","7","798"
"44","8","795"
"44","8","797"
"44","9","799"
"44","9","800"
"45","0","801"
"45","0","808"
"45","1","802"
"45","1","803"
"45","2","804"
"45","3","805"
"45","3","807"
"45","4","806"
"45","5","809"
"45","5","810"
"45","6","811"
"45","7","812"
"45","7","818"
"45","8","813"
"45","9","814"
"45","9","815"
"46","2","816"
"46","3","817"
"46","4","819"
"46","5","820"
"46","5","821"
"46","6","822"
"46","7","823"
"46","8","824"
"46","8","825"
"46","9","826"
"47","0","827"
"47","0","828"
"47","0","832"
"47","1","829"
"47","1","830"
"47","2","831"
"47","4","833"
"47","5","834"
"47","7","835"
"47","8","836"
"47","8","837"
"47","8","838"
"47","9","839"
"48","0","840"
"48","0","841"
"48","1","842"
"48","2","843"
"48","3","844"
"48","4","845"
"48","4","846"
"48","5","847"
"48","6","848"
"48","8","849"
"48","8","850"
"48","9","851"
"49","0","852"
"49","0","854"
"49","1","853"
"49","2","855"
"49","2","856"
"49","2","866"
"49","3","857"
"49","3","858"
"49","4","859"
"49","5","860"
"49","5","861"
"49","6","862"
"49","6","863"
"49","6","864"
"49","7","865"
"49","7","868"
"49","8","867"
"49","8","869"
"49","9","870"
"49","9","871"
"50","0","872"
"50","1","873"
"50","1","875"
"50","2","874"
"50","3","879"
"50","4","876"
"50","4","877"
"50","5","878"
"50","5","882"
"50","6","880"
"50","7","881"
"50","7","883"
"50","8","884"
"50","9","885"
"51","0","886"
"51","0","887"
"51","1","888"
"51","1","889"
"51","2","890"
"51","2","891"
"51","2","892"
"51","3","893"
"51","3","894"
"51","3","895"
"51","4","896"
"51","4","897"
"51","4","898"
"51","4","899"
"51","5","900"
"51","5","903"
"51","6","901"
"51","6","902"
"51","7","904"
"51","7","905"
"51","7","906"
"51","8","907"
"51","8","908"
"51","9","909"
"52","0","910"
"52","0","919"
"52","2","911"
"52","2","912"
"52","3","915"
"52","5","918"
"52","6","913"
"53","0","920"
"53","1","914"
"53","1","916"
"53","2","917"
"53","4","921"
"53","4","922"
"53","5","923"
"53","8","924"
"53","9","925"
"53","9","926"
"54","0","927"
"54","0","928"
"54","1","929"
"54","2","930"
"54","2","931"
"54","3","932"
"54","5","933"
"54","6","934"
"54","7","935"
"54","9","936"
"55","0","937"
"55","0","938"
"55","1","939"
"55","1","940"
"55","1","941"
"55","2","942"
"55","2","943"
"55","3","944"
"55","3","945"
"55","4","946"
"55","4","947"
"55","4","948"
"55","5","949"
"55","6","950"
"55","7","951"
"55","7","952"
"55","7","953"
"55","8","954"
"55","8","955"
"55","9","956"
"56","0","957"
"56","0","958"
"56","0","959"
"56","1","960"
"56","1","961"
"56","2","962"
"56","3","963"
"56","3","964"
"56","3","965"
"56","4","966"
"56","4","967"
"56","5","968"
"56","6","969"
"56","7","970"
"56","7","971"
"56","8","972"
"56","8","973"
"56","9","974"
"56","9","975"
"56","9","976"
"57","0","977"
"57","1","978"
"57","1","979"
"57","1","1047"
"57","2","980"
"57","2","987"
"57","3","981"
"57","3","982"
"57","3","1005"
"57","4","983"
"57","5","984"
"57","5","985"
"57","5","1050"
"57","6","986"
"57","7","988"
"57","8","989"
"57","8","990"
"57","9","991"
"58","0","992"
"58","1","993"
"58","2","994"
"58","2","995"
"58","2","1001"
"58","3","1003"
"58","4","996"
"58","4","997"
"58","5","998"
"58","5","999"
"58","6","1000"
"58","6","1002"
"58","7","1004"
"58","7","1007"
"58","8","1006"
"58","8","1008"
"58","9","1009"
"59","0","1010"
"59","0","1011"
"59","1","1012"
"59","1","1013"
"59","2","1014"
"59","2","1015"
"59","2","1016"
"59","3","1017"
"59","3","1018"
"59","3","1019"
"59","4","1020"
"59","4","1021"
"59","5","1022"
"59","5","1023"
"59","5","1024"
"59","6","1025"
"59","6","1026"
"59","6","1027"
"59","7","1028"
"59","7","1029"
"59","7","1030"
"59","8","1031"
"59","8","1032"
"59","8","1036"
"59","9","1033"
"59","9","1034"
"59","9","1035"
"60","0","1037"
"60","0","1038"
"60","2","1039"
"60","2","1043"
"60","4","1040"
"60","5","1041"
"60","7","1042"
"60","7","1044"
"60","9","1045"
"61","0","1046"
"61","1","1048"
"61","2","1049"
"61","2","1051"
"61","4","1053"
"61","5","1054"
"61","6","1052"
"61","6","1055"
"61","7","1056"
"61","7","1057"
"61","8","1058"
"61","9","1059"
"61","9","1062"
"62","0","1060"
"62","0","1061"
"62","0","1063"
"62","1","1064"
"62","1","1082"
"62","2","1065"
"62","2","1066"
"62","2","1067"
"62","3","1068"
"62","4","1069"
"62","4","1070"
"62","5","1071"
"62","5","1072"
"62","5","1073"
"62","5","1077"
"62","6","1074"
"62","6","1075"
"62","6","1076"
"62","7","1078"
"62","7","1079"
"62","8","1080"
"62","8","1081"
"62","8","1083"
"62","9","1084"
"62","9","1085"
"63","0","1086"
"63","1","1087"
"63","1","1089"
"63","2","1088"
"63","2","1090"
"63","2","1091"
"63","3","1092"
"63","3","1093"
"63","3","1094"
"63","4","1095"
"63","4","1096"
"63","4","1098"
"63","5","1097"
"63","5","1099"
"63","5","1100"
"63","6","1101"
"63","6","1103"
"63","7","1102"
"63","7","1104"
"63","7","1105"
"63","7","1145"
"63","8","1106"
"63","8","1107"
"63","8","1108"
"63","9","1109"
"63","9","1110"
"64","0","1111"
"64","0","1112"
"64","1","1113"
"64","1","1114"
"64","1","1115"
"64","1","1125"
"64","2","1116"
"64","2","1117"
"64","2","1118"
"64","3","1119"
"64","3","1120"
"64","3","1121"
"64","4","1122"
"64","4","1123"
"64","4","1124"
"64","5","1126"
"64","5","1127"
"64","5","1128"
"64","5","1130"
"64","6","1129"
"64","6","1131"
"64","7","1132"
"64","7","1133"
"64","7","1140"
"64","8","1134"
"64","8","1149"
"64","9","1135"
"64","9","1143"
"65","0","1136"
"65","0","1137"
"65","2","1147"
"65","3","1155"
"65","6","1138"
"65","7","1151"
"65","8","1139"
"65","8","1152"
"65","9","1141"
"66","0","1142"
"66","1","1144"
"66","1","1146"
"66","2","1148"
"66","2","1150"
"66","3","1153"
"66","3","1154"
"66","4","1156"
"66","5","1157"
"66","6","1158"
"66","7","1159"
"66","8","1160"
"66","9","1161"
"66","9","1162"
"67","2","1163"
"67","3","1164"
"67","3","1165"
"67","4","1166"
"67","6","1167"
"67","6","1169"
"67","7","1168"
"67","9","1170"
"68","1","1171"
"68","1","1175"
"68","2","1172"
"68","4","1173"
"68","4","1174"
"68","6","1176"
"68","6","1177"
"68","7","1178"
"68","7","1179"
"68","8","1180"
"68","9","1181"
"68","9","1182"
"69","0","1183"
"69","0","1184"
"69","1","1186"
"69","2","1185"
"69","2","1189"
"69","3","1187"
"69","4","1188"
"69","6","1192"
"69","7","1190"
"69","8","1191"
"70","0","1193"
"70","0","1194"
"70","0","1195"
"70","0","1196"
"70","1","1197"
"70","1","1198"
"70","1","1199"
"70","2","1200"
"70","2","1201"
"70","3","1202"
"70","3","1203"
"70","4","1204"
"70","4","1205"
"70","4","1206"
"70","4","1212"
"70","5","1207"
"70","5","1208"
"70","5","1209"
"70","6","1210"
"70","6","1211"
"70","7","1213"
"70","7","1214"
"70","8","1215"
"70","8","1216"
"70","8","1217"
"70","8","1218"
"70","9","1219"
"70","9","1220"
"71","0","1221"
"71","1","1222"
"71","2","1223"
"71","2","1224"
"71","3","1225"
"71","4","1226"
"71","5","1227"
"71","5","1235"
"71","6","1228"
"71","6","1231"
"71","7","1232"
"71","8","1234"
"72","0","1229"
"72","0","1230"
"72","0","1233"
"72","1","1236"
"72","1","1237"
"72","1","1238"
"72","1","1239"
"72","2","1240"
"72","2","1241"
"72","2","1242"
"72","3","1243"
"72","3","1244"
"72","3","1245"
"72","4","1246"
"72","4","1247"
"72","4","1248"
"72","5","1249"
"72","5","1250"
"72","5","1251"
"72","5","1253"
"72","6","1252"
"72","6","1254"
"72","6","1259"
"72","7","1255"
"72","7","1256"
"72","7","1257"
"72","8","1258"
"72","8","1260"
"72","9","1261"
"72","9","1262"
"72","9","1263"
"73","0","1264"
"73","1","1265"
"73","2","1266"
"73","3","1267"
"73","3","1268"
"73","4","1269"
"73","6","1270"
"73","6","1271"
"73","7","1272"
"73","7","1285"
"73","8","1275"
"74","0","1273"
"74","0","1274"
"74","0","1276"
"74","1","1277"
"74","2","1278"
"74","2","1279"
"74","3","1280"
"74","3","1281"
"74","4","1282"
"74","4","1283"
"74","5","1284"
"74","5","1286"
"74","5","1287"
"74","6","1288"
"74","7","1289"
"74","7","1291"
"74","8","1290"
"74","9","1292"
"74","9","1293"
"75","0","1312"
"75","1","1294"
"75","2","1295"
"75","4","1296"
"75","4","1299"
"75","5","1297"
"75","6","1298"
"75","6","1300"
"75","7","1301"
"75","8","1302"
"75","8","1303"
"75","8","1339"
"75","9","1304"
"76","0","1305"
"76","0","1306"
"76","0","1307"
"76","1","1308"
"76","1","1309"
"76","1","1310"
"76","2","1311"
"76","2","1313"
"76","3","1314"
"76","3","1315"
"76","3","1316"
"76","3","1331"
"76","4","1317"
"76","5","1318"
"76","5","1319"
"76","5","1320"
"76","6","1321"
"76","6","1322"
"76","6","1349"
"76","7","1323"
"76","7","1324"
"76","7","1333"
"76","8","1325"
"76","8","1326"
"76","9","1327"
"76","9","1348"
"77","0","1328"
"77","0","1329"
"77","1","1330"
"77","1","1332"
"77","2","1334"
"77","2","1335"
"77","2","1336"
"77","2","1355"
"77","3","1337"
"77","3","1338"
"77","3","1340"
"77","4","1341"
"77","4","1342"
"77","4","1343"
"77","4","1344"
"77","5","1345"
"77","5","1346"
"77","5","1347"
"77","6","1350"
"77","6","1351"
"77","6","1354"
"77","7","1352"
"77","7","1353"
"77","7","1357"
"77","8","1356"
"77","8","1358"
"77","8","1359"
"77","9","1360"
"77","9","1361"
"77","9","1362"
"77","9","1364"
"78","0","1363"
"78","0","1365"
"78","0","1366"
"78","0","1387"
"78","1","1367"
"78","1","1368"
"78","2","1369"
"78","2","1370"
"78","3","1371"
"78","3","1372"
"78","4","1373"
"78","4","1374"
"78","4","1375"
"78","5","1376"
"78","5","1377"
"78","5","1378"
"78","6","1379"
"78","6","1380"
"78","6","1381"
"78","7","1382"
"78","7","1383"
"78","8","1384"
"78","8","1385"
"78","8","1386"
"78","9","1388"
"78","9","1389"
"78","9","1390"
"78","9","1391"
"79","0","1392"
"79","1","1393"
"79","2","1394"
"79","2","1396"
"79","3","1395"
"79","3","1397"
"79","4","1398"
"79","4","1399"
"79","5","1400"
"79","6","1401"
"79","6","1402"
"79","7","1403"
"79","7","1425"
"79","8","1404"
"79","8","1406"
"79","9","1405"
"79","9","1407"
"80","0","1433"
"80","1","1408"
"80","2","1409"
"80","3","1410"
"80","4","1411"
"80","5","1412"
"80","6","1413"
"80","6","1414"
"80","7","1415"
"80","7","1416"
"80","8","1417"
"80","8","1418"
"80","8","1453"
"80","9","1421"
"81","0","1419"
"81","0","1420"
"81","1","1422"
"81","1","1423"
"81","1","1424"
"81","1","1428"
"81","2","1426"
"81","2","1427"
"81","2","1429"
"81","3","1430"
"81","3","1431"
"81","3","1432"
"81","4","1434"
"81","4","1435"
"81","5","1436"
"81","5","1437"
"81","6","1438"
"81","6","1439"
"81","7","1440"
"81","7","1441"
"81","8","1442"
"81","8","1443"
"81","8","1444"
"81","8","1445"
"81","9","1446"
"81","9","1447"
"81","9","1448"
"82","0","1449"
"82","0","1450"
"82","0","1451"
"82","0","1452"
"82","1","1454"
"82","1","1456"
"82","2","1455"
"82","2","1457"
"82","2","1458"
"82","2","1461"
"82","3","1459"
"82","3","1460"
"82","3","1462"
"82","4","1463"
"82","4","1464"
"82","4","1466"
"82","5","1465"
"82","5","1467"
"82","6","1468"
"82","6","1469"
"82","7","1470"
"82","7","1471"
"82","7","1472"
"82","8","1473"
"82","8","1474"
"82","9","1475"
"82","9","1476"
"83","0","1477"
"83","0","1478"
"83","1","1479"
"83","2","1480"
"83","4","1481"
"83","4","1482"
"83","5","1484"
"83","6","1483"
"83","7","1490"
"83","8","1485"
"83","8","1486"
"83","9","1488"
"84","0","1487"
"84","1","1489"
"84","1","1491"
"84","2","1492"
"84","2","1493"
"84","2","1495"
"84","3","1494"
"84","3","1498"
"84","4","1496"
"84","4","1502"
"84","5","1497"
"84","5","1499"
"84","5","1500"
"84","6","1501"
"84","6","1503"
"84","6","1504"
"84","7","1505"
"84","8","1506"
"84","8","1507"
"84","9","1508"
"84","9","1509"
"84","9","1510"
"85","0","1511"
"85","0","1512"
"85","0","1513"
"85","1","1514"
"85","1","1515"
"85","2","1516"
"85","2","1517"
"85","2","1522"
"85","3","1518"
"85","4","1519"
"85","4","1520"
"85","5","1528"
"85","6","1521"
"85","7","1523"
"85","8","1524"
"85","9","1525"
"86","1","1526"
"86","1","1529"
"86","2","1527"
"86","2","1530"
"86","3","1531"
"86","3","1533"
"86","4","1532"
"86","6","1534"
"86","6","1535"
"86","7","1537"
"86","8","1536"
"87","0","1538"
"87","1","1556"
"87","2","1539"
"87","3","1540"
"87","3","1541"
"87","3","1547"
"87","4","1542"
"87","4","1544"
"87","6","1543"
"87","6","1545"
"87","7","1546"
"87","9","1548"
"87","9","1549"
"88","0","1550"
"88","0","1551"
"88","0","1555"
"88","1","1552"
"88","1","1553"
"88","1","1558"
"88","2","1554"
"88","3","1557"
"88","3","1566"
"88","4","1559"
"88","4","1560"
"88","5","1561"
"88","5","1562"
"88","6","1563"
"88","6","1564"
"88","6","1567"
"88","7","1565"
"88","7","1568"
"88","7","1571"
"88","8","1569"
"88","8","1570"
"88","9","1572"
"88","9","1652"
"89","0","1573"
"89","0","1574"
"89","0","1575"
"89","1","1576"
"89","1","1577"
"89","2","1578"
"89","2","1579"
"89","3","1580"
"89","3","1581"
"89","4","1582"
"89","4","1583"
"89","4","1585"
"89","5","1584"
"89","5","1586"
"89","5","1587"
"89","5","1591"
"89","6","1588"
"89","6","1589"
"89","7","1590"
"89","8","1592"
"89","8","1593"
"89","9","1594"
"89","9","1595"
"89","9","1619"
"90","0","1596"
"90","0","1597"
"90","0","1599"
"90","1","1598"
"90","1","1600"
"90","1","1605"
"90","2","1601"
"90","2","1602"
"90","2","1606"
"90","3","1603"
"90","4","1604"
"90","4","1607"
"90","4","1608"
"90","5","1609"
"90","6","1610"
"90","6","1611"
"90","7","1612"
"90","8","1613"
"90","8","1614"
"90","8","1615"
"90","9","1616"
"90","9","1617"
"90","9","1620"
"91","0","1618"
"91","0","1621"
"91","0","1622"
"91","1","1623"
"91","1","1624"
"91","1","1625"
"91","2","1626"
"91","2","1627"
"91","2","1634"
"91","3","1628"
"91","3","1629"
"91","4","1630"
"91","4","1631"
"91","4","1632"
"91","5","1633"
"91","5","1635"
"91","5","1636"
"91","5","1638"
"91","6","1637"
"91","6","1639"
"91","6","1641"
"91","7","1640"
"91","7","1642"
"91","8","1643"
"91","8","1644"
"91","8","1648"
"91","9","1645"
"91","9","1685"
"92","0","1646"
"92","0","1647"
"92","1","1649"
"92","1","1650"
"92","2","1651"
"92","2","1653"
"92","2","1655"
"92","3","1654"
"92","3","1656"
"92","4","1657"
"92","5","1658"
"92","5","1659"
"92","6","1660"
"92","6","1661"
"92","6","1662"
"92","7","1663"
"92","8","1664"
"92","8","1668"
"92","9","1665"
"92","9","1666"
"92","9","1667"
"93","0","1669"
"93","1","1670"
"93","1","1671"
"93","2","1672"
"93","2","1673"
"93","3","1674"
"93","3","1675"
"93","4","1676"
"93","4","1677"
"93","4","1678"
"93","5","1679"
"93","5","1681"
"93","6","1680"
"93","6","1682"
"93","6","1683"
"93","7","1684"
"93","8","1686"
"93","8","1687"
"93","8","1689"
"93","9","1688"
"93","9","1690"
"94","0","1691"
"94","0","1692"
"94","2","1693"
"94","2","1694"
"94","3","1695"
"94","3","1696"
"94","4","1697"
"94","4","1698"
"94","5","1699"
"94","5","1700"
"94","6","1704"
"94","7","1703"
"94","8","1701"
"94","9","1702"
"95","0","1705"
"95","1","1706"
"95","1","1707"
"95","1","1709"
"95","2","1708"
"95","2","1712"
"95","3","1710"
"95","3","1711"
"95","4","1713"
"95","4","1714"
"95","6","1715"
"95","6","1716"
"95","6","1720"
"95","8","1721"
"95","9","1723"
"96","0","1717"
"96","1","1718"
"96","2","1719"
"96","2","1722"
"96","3","1724"
"96","4","1725"
"96","5","1726"
"96","5","1727"
"96","6","1728"
"96","7","1729"
"96","8","1730"
"96","8","1731"
"96","9","1732"
"96","9","1733"
"96","9","1734"
"97","0","1735"
"97","0","1736"
"97","0","1737"
"97","1","1739"
"97","2","1738"
"97","2","1740"
"97","2","1741"
"97","3","1742"
"97","3","1743"
"97","3","1744"
"97","4","1745"
"97","5","1746"
"97","5","1747"
"97","6","1748"
"97","6","1749"
"97","6","1762"
"97","7","1750"
"97","7","1751"
"97","8","1752"
"97","8","1753"
"97","8","1754"
"97","9","1755"
"97","9","1756"
"97","9","1802"
"98","0","1757"
"98","0","1758"
"98","0","1759"
"98","1","1760"
"98","2","1761"
"98","2","1763"
"98","2","1764"
"98","3","1765"
"98","3","1766"
"98","4","1767"
"98","4","1768"
"98","5","1769"
"98","6","1773"
"98","7","1770"
"98","7","1771"
"98","8","1772"
"98","8","1774"
"98","9","1775"
"98","9","1776"
"99","0","1777"
"99","1","1778"
"99","1","1780"
"99","2","1779"
"99","2","1781"
"99","2","1782"
"99","3","1783"
"99","3","1784"
"99","3","1786"
"99","4","1785"
"99","4","1947"
"99","5","1787"
"99","5","1788"
"99","5","1789"
"99","6","1790"
"99","6","1791"
"99","7","1792"
"99","7","1793"
"99","8","1794"
"99","8","1795"
"99","8","1796"
"99","9","1797"
"99","9","1798"
"99","9","1799"
"100","0","1800"
"100","1","1801"
"100","1","1803"
"100","2","1804"
"100","2","1805"
"100","2","1818"
"100","3","1807"
"100","4","1806"
"100","4","1810"
"100","5","1808"
"100","5","1821"
"100","6","1809"
"100","6","1822"
"100","7","1811"
"100","7","1812"
"100","8","1813"
"100","8","1814"
"100","9","1815"
"100","9","1816"
"101","0","1817"
"101","0","1819"
"101","1","1820"
"101","1","1824"
"101","2","1823"
"101","3","1825"
"101","4","1826"
"101","4","1828"
"101","5","1827"
"101","5","1833"
"101","6","1829"
"101","7","1830"
"101","7","1836"
"101","8","1831"
"101","8","1832"
"101","9","1834"
"101","9","1835"
"102","0","1837"
"102","1","1838"
"102","1","1839"
"102","2","1840"
"102","2","1841"
"102","3","1842"
"102","3","1843"
"102","4","1844"
"102","4","1845"
"102","5","1846"
"102","5","1847"
"102","7","1848"
"102","8","1849"
"102","9","1850"
"102","9","1851"
"103","0","1852"
"103","0","1853"
"103","1","1854"
"103","2","1855"
"103","3","1856"
"103","3","1857"
"103","4","1858"
"103","4","1859"
"103","7","1860"
"103","7","1861"
"103","9","1862"
"104","0","1863"
"104","1","1864"
"104","1","1865"
"104","2","1866"
"104","4","1867"
"104","4","1868"
"104","5","1869"
"104","5","1870"
"104","7","1871"
"105","1","1872"
"105","2","1873"
"105","3","1874"
"105","4","1875"
"105","4","1876"
"105","5","1880"
"105","7","1877"
"105","9","1878"
"105","9","1881"
"106","0","1879"
"106","1","1882"
"106","1","1883"
"106","1","1885"
"106","2","1886"
"106","3","1884"
"106","3","1887"
"106","3","1888"
"106","4","1889"
"106","4","1890"
"106","4","1892"
"106","5","1891"
"106","5","1893"
"106","5","1916"
"106","6","1894"
"106","6","1895"
"106","7","1896"
"106","7","1897"
"106","8","1898"
"106","8","1899"
"106","8","1900"
"106","9","1901"
"106","9","1907"
"107","0","1902"
"107","3","1903"
"107","3","1904"
"107","5","1914"
"107","6","1905"
"107","9","1906"
"107","9","1929"
"108","0","1908"
"108","1","1909"
"108","1","1910"
"108","2","1911"
"108","2","1919"
"108","3","1912"
"108","3","1924"
"108","4","1913"
"108","4","1915"
"108","4","1962"
"108","5","1917"
"108","5","1918"
"108","5","1920"
"108","6","1921"
"108","6","1922"
"108","6","1942"
"108","7","1923"
"108","7","1925"
"108","7","1926"
"108","8","1927"
"108","8","1928"
"108","9","1930"
"109","0","1931"
"109","0","1953"
"109","1","1932"
"109","2","1933"
"109","2","1934"
"109","2","1963"
"109","3","1935"
"109","4","1936"
"109","4","1937"
"109","5","1938"
"109","5","1939"
"109","6","1940"
"109","6","1972"
"109","8","1941"
"109","8","1943"
"109","9","1944"
"109","9","1945"
"110","0","1946"
"110","0","1948"
"110","0","1949"
"110","1","1950"
"110","1","1951"
"110","2","1952"
"110","2","1954"
"110","2","1955"
"110","3","1956"
"110","3","1957"
"110","3","2001"
"110","4","1958"
"110","4","1959"
"110","4","1960"
"110","5","1961"
"110","5","1964"
"110","6","1965"
"110","6","1966"
"110","6","1967"
"110","7","1968"
"110","7","1969"
"110","8","1970"
"110","9","1971"
"110","9","1973"
"111","0","1974"
"111","0","1975"
"111","0","1976"
"111","1","1977"
"111","1","1978"
"111","1","1979"
"111","2","1980"
"111","2","1981"
"111","2","1982"
"111","3","1983"
"111","4","1984"
"111","4","1985"
"111","5","1986"
"111","6","1987"
"111","6","1988"
"111","6","1989"
"111","7","1990"
"111","7","1991"
"111","7","1992"
"111","8","1993"
"111","8","1994"
"111","9","1995"
"111","9","1996"
"112","0","1997"
"112","0","1998"
"112","0","1999"
"112","0","2005"
"112","1","2000"
"112","1","2002"
"112","2","2003"
"112","2","2004"
"112","2","2019"
"112","3","2006"
"112","3","2007"
"112","3","2008"
"112","4","2009"
"112","4","2010"
"112","5","2011"
"112","5","2012"
"112","5","2013"
"112","6","2014"
"112","6","2015"
"112","6","2016"
"112","6","2017"
"112","7","2018"
"112","7","2023"
"112","8","2020"
"112","8","2021"
"112","8","2022"
"112","8","2024"
"112","9","2025"
"112","9","2026"
"112","9","2027"
"113","0","2028"
"113","0","2029"
"113","1","2032"
"113","2","2030"
"113","2","2031"
"113","3","2043"
"113","5","2033"
"113","7","2034"
"113","7","2035"
"113","8","2036"
"113","8","2037"
"113","9","2038"
"113","9","2039"
"114","0","2040"
"114","0","2042"
"114","1","2041"
"114","1","2044"
"114","1","2045"
"114","2","2046"
"114","2","2047"
"114","2","2048"
"114","3","2049"
"114","3","2050"
"114","3","2051"
"114","4","2052"
"114","4","2053"
"114","4","2055"
"114","5","2054"
"114","5","2056"
"114","5","2057"
"114","6","2058"
"114","6","2059"
"114","6","2060"
"114","6","2063"
"114","7","2061"
"114","8","2062"
"114","8","2064"
"114","8","2065"
"114","9","2066"
"114","9","2067"
"114","9","2068"
"115","0","2069"
"115","0","2070"
"115","0","2090"
"115","1","2071"
"115","1","2072"
"115","1","2076"
"115","2","2073"
"115","2","2074"
"115","2","2075"
"115","3","2077"
"115","3","2078"
"115","4","2079"
"115","4","2080"
"115","4","2081"
"115","4","2129"
"115","5","2082"
"115","5","2083"
"115","5","2084"
"115","6","2085"
"115","6","2086"
"115","7","2087"
"115","7","2088"
"115","7","2091"
"115","8","2089"
"115","8","2092"
"115","8","2093"
"115","9","2094"
"115","9","2095"
"116","0","2096"
"116","0","2097"
"116","1","2098"
"116","1","2099"
"116","1","2100"
"116","2","2101"
"116","2","2109"
"116","3","2102"
"116","3","2103"
"116","4","2104"
"116","4","2105"
"116","4","2106"
"116","5","2107"
"116","5","2110"
"116","6","2108"
"116","6","2111"
"116","6","2112"
"116","7","2113"
"116","8","2114"
"116","8","2115"
"116","8","2116"
"116","9","2117"
"116","9","2118"
"116","9","2119"
"117","0","2120"
"117","0","2121"
"117","1","2122"
"117","1","2123"
"117","2","2124"
"117","2","2126"
"117","3","2125"
"117","3","2127"
"117","4","2128"
"117","4","2130"
"117","5","2131"
"117","5","2138"
"117","6","2132"
"117","7","2133"
"117","7","2134"
"117","8","2135"
"117","9","2136"
"118","0","2137"
"118","0","2139"
"118","0","2140"
"118","1","2141"
"118","1","2142"
"118","2","2143"
"118","2","2144"
"118","3","2145"
"118","3","2146"
"118","3","2147"
"118","4","2148"
"118","4","2149"
"118","5","2150"
"118","5","2151"
"118","5","2152"
"118","6","2153"
"118","6","2154"
"118","6","2155"
"118","7","2156"
"118","7","2157"
"118","7","2158"
"118","8","2159"
"118","8","2160"
"118","8","2161"
"118","9","2162"
"118","9","2163"
"118","9","2164"
"119","0","2165"
"119","1","2166"
"119","3","2167"
"119","5","2168"
"119","5","2169"
"119","6","2170"
"119","7","2171"
"119","8","2172"
"119","9","2173"
"119","9","2174"
"120","1","2175"
"120","1","2177"
"120","2","2176"
"120","2","2207"
"120","6","2178"
"120","6","2179"
"120","8","2180"
"120","8","2181"
"120","9","2182"
"120","9","2183"
"121","0","2184"
"121","1","2185"
"121","2","2186"
"121","2","2187"
"121","3","2188"
"121","3","2194"
"121","5","2189"
"121","6","2190"
"121","6","2191"
"121","7","2192"
"121","7","2201"
"121","9","2202"
"122","0","2193"
"122","1","2195"
"122","1","2199"
"122","3","2196"
"122","3","2197"
"122","4","2198"
"122","5","2200"
"122","5","2203"
"122","7","2205"
"122","8","2204"
"122","8","2206"
"122","9","2210"
"123","0","2208"
"123","1","2209"
"123","1","2211"
"123","3","2212"
"123","4","2213"
"123","4","2214"
"123","6","2217"
"123","8","2215"
"123","9","2216"
"123","9","2218"
"124","0","2219"
"124","0","2220"
"124","0","2221"
"124","1","2222"
"124","1","2223"
"124","1","2228"
"124","2","2224"
"124","2","2225"
"124","3","2226"
"124","3","2227"
"124","3","2229"
"124","4","2230"
"124","4","2240"
"124","5","2231"
"124","5","2232"
"124","5","2233"
"124","6","2234"
"124","6","2235"
"124","6","2236"
"124","7","2237"
"124","7","2238"
"124","7","2239"
"124","7","2241"
"124","8","2242"
"124","8","2243"
"124","8","2244"
"124","9","2245"
"124","9","2246"
"125","0","2247"
"125","0","2248"
"125","0","2249"
"125","1","2250"
"125","2","2251"
"125","2","2252"
"125","2","2253"
"125","3","2254"
"125","3","2255"
"125","3","2256"
"125","4","2257"
"125","4","2259"
"125","5","2258"
"125","5","2262"
"125","6","2260"
"125","6","2261"
"125","6","2267"
"125","7","2263"
"125","8","2264"
"125","8","2269"
"125","9","2265"
"125","9","2266"
"126","0","2268"
"126","0","2270"
"126","0","2271"
"126","1","2272"
"126","2","2273"
"126","3","2274"
"126","3","2275"
"126","4","2276"
"126","5","2278"
"126","6","2277"
"126","7","2279"
"126","7","2280"
"126","7","2282"
"126","8","2281"
"126","8","2283"
"126","9","2284"
"126","9","2285"
"126","9","2289"
"127","0","2286"
"127","0","2287"
"127","1","2288"
"127","1","2290"
"127","1","2291"
"127","2","2292"
"127","2","2293"
"127","2","2294"
"127","3","2295"
"127","3","2296"
"127","4","2297"
"127","4","2298"
"127","4","2299"
"127","5","2300"
"127","5","2301"
"127","5","2302"
"127","5","2303"
"127","6","2304"
"127","6","2305"
"127","7","2306"
"127","7","2307"
"127","8","2308"
"127","8","2309"
"127","9","2310"
"127","9","2311"
"127","9","2312"
"128","0","2313"
"128","1","2329"
"128","2","2314"
"128","3","2315"
"128","4","2316"
"128","5","2324"
"128","6","2317"
"128","7","2318"
"128","8","2319"
"128","8","2320"
"128","9","2321"
"128","9","2330"
"129","0","2337"
"129","1","2322"
"129","1","2323"
"129","2","2325"
"129","3","2326"
"129","4","2327"
"129","4","2328"
"129","5","2331"
"129","5","2422"
"129","6","2332"
"129","7","2333"
"129","7","2334"
"129","7","2626"
"129","8","2335"
"129","8","2336"
"129","8","2360"
"129","9","2338"
"129","9","2339"
"130","0","2340"
"130","2","2341"
"130","2","2342"
"130","3","2343"
"130","4","2344"
"130","4","2345"
"130","5","2349"
"130","6","2346"
"130","6","2347"
"130","7","2348"
"130","7","2350"
"130","8","2351"
"130","8","2352"
"130","9","2353"
"130","9","2354"
"131","0","2355"
"131","1","2356"
"131","1","2357"
"131","1","2359"
"131","2","2358"
"131","2","2361"
"131","3","2362"
"131","3","2363"
"131","4","2364"
"131","4","2365"
"131","5","2366"
"131","5","2367"
"131","5","2371"
"131","6","2368"
"131","6","2381"
"131","7","2369"
"131","8","2370"
"131","9","2372"
"131","9","2373"
"131","9","2378"
"132","1","2374"
"132","1","2375"
"132","2","2376"
"132","2","2392"
"132","3","2377"
"132","4","2379"
"132","5","2380"
"132","5","2382"
"132","6","2383"
"132","6","2384"
"132","7","2385"
"132","7","2386"
"132","8","2387"
"132","9","2388"
"132","9","2390"
"133","0","2389"
"133","0","2391"
"133","1","2393"
"133","1","2394"
"133","2","2395"
"133","2","2396"
"133","3","2397"
"133","4","2398"
"133","5","2399"
"133","5","2400"
"133","7","2401"
"133","8","2402"
"133","8","2403"
"134","0","2404"
"134","0","2405"
"134","0","2406"
"134","1","2407"
"134","1","2408"
"134","2","2409"
"134","2","2410"
"134","3","2411"
"134","4","2412"
"134","4","2413"
"134","4","2414"
"134","5","2415"
"134","5","2416"
"134","5","2417"
"134","6","2418"
"134","7","2419"
"134","7","2420"
"134","8","2421"
"134","9","2423"
"135","0","2424"
"135","1","2425"
"135","1","2427"
"135","2","2426"
"135","2","2428"
"135","3","2429"
"135","3","2430"
"135","4","2431"
"135","4","2432"
"135","6","2433"
"135","7","2434"
"135","7","2435"
"135","8","2436"
"135","9","2437"
"135","9","2438"
"136","0","2439"
"136","0","2440"
"136","0","2443"
"136","1","2441"
"136","1","2442"
"136","2","2444"
"136","3","2445"
"136","4","2446"
"136","4","2447"
"136","5","2448"
"136","6","2452"
"136","7","2449"
"136","7","2450"
"136","8","2451"
"136","8","2453"
"136","8","2454"
"136","9","2455"
"136","9","2456"
"136","9","2461"
"137","0","2496"
"137","1","2457"
"137","2","2458"
"137","2","2471"
"137","3","2459"
"137","4","2500"
"137","5","2460"
"137","6","2462"
"137","6","2463"
"137","7","2480"
"137","9","2465"
"138","0","2467"
"138","1","2464"
"138","2","2466"
"138","2","2552"
"138","4","2468"
"138","5","2469"
"138","7","2470"
"138","8","2472"
"139","0","2473"
"139","0","2475"
"139","1","2474"
"139","1","2476"
"139","1","2477"
"139","2","2478"
"139","2","2481"
"139","3","2479"
"139","3","2482"
"139","3","2483"
"139","4","2484"
"139","4","2485"
"139","4","2502"
"139","5","2486"
"139","5","2487"
"139","6","2488"
"139","6","2489"
"139","7","2490"
"139","7","2491"
"139","7","2492"
"139","8","2493"
"139","8","2494"
"139","8","2495"
"139","9","2497"
"139","9","2498"
"140","0","2499"
"140","0","2501"
"140","0","2503"
"140","1","2504"
"140","1","2505"
"140","1","2506"
"140","1","2600"
"140","2","2507"
"140","2","2508"
"140","3","2509"
"140","3","2510"
"140","3","2511"
"140","4","2512"
"140","4","2513"
"140","4","2514"
"140","5","2515"
"140","5","2516"
"140","5","2517"
"140","6","2518"
"140","6","2519"
"140","7","2520"
"140","7","2521"
"140","7","2522"
"140","8","2523"
"140","8","2524"
"140","9","2525"
"140","9","2526"
"141","0","2527"
"141","0","2528"
"141","1","2529"
"141","2","2530"
"141","2","2531"
"141","3","2532"
"141","3","2533"
"141","3","2578"
"141","4","2534"
"141","5","2535"
"141","6","2536"
"141","6","2537"
"141","7","2538"
"141","7","2539"
"141","8","2540"
"141","9","2541"
"142","0","2542"
"142","0","2543"
"142","1","2544"
"142","2","2549"
"142","4","2545"
"142","5","2546"
"142","6","2547"
"142","6","2551"
"142","7","2548"
"142","7","2550"
"142","8","2553"
"142","9","2554"
"143","0","2555"
"143","1","2559"
"143","2","2556"
"143","3","2557"
"143","3","2558"
"143","4","2560"
"143","4","2561"
"143","5","2562"
"143","5","2563"
"143","6","2564"
"143","7","2565"
"143","7","2566"
"143","8","2567"
"143","8","2569"
"143","9","2568"
"144","0","2571"
"144","2","2570"
"144","2","2575"
"144","4","2572"
"144","5","7947"
"144","6","2573"
"144","8","2574"
"144","9","2576"
"144","9","2577"
"145","0","2579"
"145","0","2580"
"145","1","2581"
"145","1","2582"
"145","2","2583"
"145","4","2584"
"145","5","2585"
"145","6","2586"
"145","7","2588"
"145","8","2587"
"145","8","2589"
"145","9","2590"
"146","0","2591"
"146","0","2592"
"146","1","2593"
"146","1","2594"
"146","1","2595"
"146","2","2596"
"146","2","2598"
"146","3","2597"
"146","3","2599"
"146","3","2601"
"146","4","2602"
"146","4","2603"
"146","4","2604"
"146","4","2606"
"146","5","2605"
"146","5","2607"
"146","5","2608"
"146","6","2609"
"146","6","2610"
"146","6","2611"
"146","7","2612"
"146","7","2613"
"146","8","2614"
"146","8","2615"
"146","8","2616"
"146","9","2617"
"146","9","2618"
"146","9","2619"
"147","0","2620"
"147","0","2621"
"147","1","2622"
"147","1","2624"
"147","2","2623"
"147","2","2625"
"147","3","2627"
"147","3","2628"
"147","3","2629"
"147","4","2630"
"147","4","2636"
"147","5","2631"
"147","5","2632"
"147","5","2633"
"147","6","2634"
"147","6","2635"
"147","7","2637"
"147","7","2638"
"147","7","2639"
"147","8","2640"
"147","8","2641"
"147","9","2642"
"147","9","2643"
"148","0","2644"
"148","0","2645"
"148","0","2648"
"148","1","2646"
"148","2","2647"
"148","2","2649"
"148","3","2650"
"148","3","2651"
"148","4","2653"
"148","5","2652"
"148","6","2654"
"148","7","2655"
"148","7","2656"
"148","8","2657"
"148","8","2659"
"148","9","2658"
"149","0","2660"
"149","0","2661"
"149","1","2662"
"149","2","2663"
"149","3","2664"
"149","3","2666"
"149","5","2665"
"149","6","2667"
"149","6","2668"
"149","7","2669"
"149","7","2737"
"149","9","2670"
"149","9","2671"
"150","0","2677"
"150","1","2679"
"150","2","2673"
"150","3","2672"
"150","3","2674"
"150","4","2675"
"150","4","2676"
"150","5","2678"
"150","6","2680"
"150","7","2681"
"150","8","2682"
"150","9","2683"
"151","0","2684"
"151","0","2685"
"151","0","2700"
"151","1","2686"
"151","1","2687"
"151","1","2688"
"151","2","2689"
"151","2","2690"
"151","2","2691"
"151","2","2692"
"151","3","2693"
"151","3","2694"
"151","3","2695"
"151","3","2704"
"151","4","2696"
"151","4","2697"
"151","4","2698"
"151","4","2699"
"151","5","2701"
"151","5","2702"
"151","5","2703"
"151","5","2705"
"151","6","2706"
"151","6","2707"
"151","7","2708"
"151","7","2709"
"151","7","2710"
"151","7","2805"
"151","8","2711"
"151","8","2712"
"151","8","2713"
"151","9","2714"
"151","9","2715"
"151","9","2716"
"151","9","2718"
"152","0","2717"
"152","1","2719"
"152","2","2720"
"152","2","2721"
"152","2","2722"
"152","3","2723"
"152","3","2724"
"152","3","2741"
"152","4","2725"
"152","4","2726"
"152","5","2727"
"152","6","2728"
"152","7","2729"
"152","7","2730"
"152","7","2731"
"152","8","2732"
"152","8","2733"
"152","9","2734"
"152","9","2735"
"152","9","2760"
"153","0","2736"
"153","0","2738"
"153","1","2739"
"153","1","2740"
"153","4","2742"
"153","4","2743"
"153","5","2744"
"153","6","2745"
"153","7","2763"
"153","8","2746"
"153","9","2747"
"153","9","2748"
"154","0","2749"
"154","0","2750"
"154","1","2751"
"154","1","2752"
"154","2","2753"
"154","2","2754"
"154","3","2755"
"154","3","2756"
"154","3","2769"
"154","4","2757"
"154","4","2758"
"154","4","2759"
"154","5","2761"
"154","5","2762"
"154","6","2764"
"154","6","2765"
"154","6","2766"
"154","7","2767"
"154","7","2768"
"154","8","2770"
"154","8","2771"
"154","9","2772"
"155","0","2775"
"155","1","2773"
"155","2","2774"
"155","2","2776"
"155","3","2777"
"155","3","2778"
"155","3","2779"
"155","4","2780"
"155","4","2782"
"155","5","2781"
"155","6","2783"
"155","6","2784"
"155","7","2785"
"155","7","2786"
"155","7","2787"
"155","8","2788"
"155","9","2789"
"156","0","2790"
"156","0","2791"
"156","0","2792"
"156","1","2793"
"156","1","2794"
"156","2","2795"
"156","2","2796"
"156","3","2797"
"156","3","2798"
"156","4","2799"
"156","5","2800"
"156","5","2801"
"156","6","2802"
"156","7","2803"
"156","8","2804"
"156","8","2806"
"156","9","2807"
"156","9","2808"
"156","9","2809"
"157","0","2810"
"157","0","2811"
"157","0","2812"
"157","1","2813"
"157","1","2814"
"157","1","2815"
"157","2","2816"
"157","2","2817"
"157","2","2818"
"157","2","2826"
"157","3","2819"
"157","3","2820"
"157","3","2821"
"157","3","2822"
"157","4","2823"
"157","4","2824"
"157","4","2825"
"157","4","2827"
"157","5","2828"
"157","5","2829"
"157","6","2830"
"157","6","2831"
"157","6","2832"
"157","7","2833"
"157","7","2834"
"157","8","2835"
"157","8","2836"
"157","8","2837"
"157","8","2840"
"157","9","2838"
"157","9","2839"
"157","9","2841"
"157","9","2842"
"158","0","2843"
"158","0","2844"
"158","0","2845"
"158","1","2846"
"158","1","2847"
"158","1","2848"
"158","2","2849"
"158","2","2850"
"158","2","2851"
"158","3","2852"
"158","3","2853"
"158","4","2854"
"158","4","2855"
"158","5","2856"
"158","5","2857"
"158","6","2858"
"158","6","2859"
"158","7","2860"
"158","7","2861"
"158","8","2862"
"158","8","2863"
"158","8","2864"
"158","9","2865"
"158","9","2866"
"159","0","2867"
"159","0","2868"
"159","0","2869"
"159","1","2870"
"159","1","2871"
"159","2","2872"
"159","2","2873"
"159","3","2874"
"159","3","2875"
"159","3","2876"
"159","4","2877"
"159","4","2878"
"159","5","2879"
"159","5","2880"
"159","5","2881"
"159","6","2882"
"159","6","2883"
"159","6","2884"
"159","7","2885"
"159","7","2886"
"159","8","2887"
"159","8","2888"
"159","8","2889"
"159","9","2890"
"160","0","2891"
"160","0","2892"
"160","1","2893"
"160","1","2894"
"160","1","2900"
"160","2","2895"
"160","3","2896"
"160","3","2897"
"160","4","2898"
"160","5","2899"
"160","5","2901"
"160","5","2902"
"160","6","2903"
"160","6","2904"
"160","6","2905"
"160","7","2906"
"160","7","2907"
"160","8","2908"
"160","9","2909"
"160","9","2910"
"160","9","2911"
"161","0","2912"
"161","0","2913"
"161","0","2914"
"161","1","2915"
"161","1","2916"
"161","2","2917"
"161","2","2923"
"161","3","2918"
"161","3","2919"
"161","4","2920"
"161","5","2921"
"161","5","2937"
"161","6","2922"
"161","6","2924"
"161","7","2925"
"161","7","2926"
"161","8","2927"
"161","9","2928"
"161","9","2929"
"162","0","2930"
"162","0","2931"
"162","1","2932"
"162","1","2933"
"162","2","2934"
"162","3","2947"
"162","4","2935"
"162","4","2936"
"162","5","2938"
"162","6","2939"
"162","7","2940"
"162","8","2941"
"162","8","2942"
"162","8","2948"
"162","9","2943"
"162","9","2944"
"163","0","2945"
"163","0","2946"
"163","1","2949"
"163","1","2950"
"163","2","2951"
"163","3","2952"
"163","3","2953"
"163","3","2955"
"163","4","2954"
"163","4","2956"
"163","4","2957"
"163","5","2958"
"163","6","2959"
"163","7","2960"
"163","7","2961"
"163","8","2962"
"163","8","2963"
"163","9","2964"
"163","9","2965"
"164","0","2966"
"164","0","2967"
"164","1","2969"
"164","2","2968"
"164","2","2970"
"164","3","2971"
"164","3","2973"
"164","4","2972"
"164","5","2974"
"164","5","2975"
"164","5","2982"
"164","6","2976"
"164","7","2977"
"164","8","2978"
"164","8","2979"
"164","9","2980"
"165","0","2981"
"165","0","2983"
"165","1","2984"
"165","1","2985"
"165","2","2986"
"165","3","2987"
"165","3","2988"
"165","3","2989"
"165","4","2990"
"165","4","2991"
"165","5","2992"
"165","5","2993"
"165","6","2994"
"165","6","2995"
"165","7","2996"
"165","7","2997"
"165","7","2998"
"165","8","2999"
"165","8","3000"
"165","9","3001"
"165","9","3005"
"166","2","3002"
"166","3","3003"
"166","3","3004"
"166","4","3006"
"166","4","3010"
"166","6","3007"
"166","6","3008"
"166","7","3009"
"166","7","3011"
"166","8","3012"
"166","8","3013"
"167","0","3014"
"167","0","3015"
"167","1","3016"
"167","1","3017"
"167","2","3018"
"167","2","3030"
"167","3","3019"
"167","3","3020"
"167","4","3021"
"167","4","3022"
"167","4","3023"
"167","5","3024"
"167","5","3025"
"167","5","3026"
"167","6","3027"
"167","7","3028"
"167","7","3029"
"167","8","3031"
"167","8","3032"
"167","9","3033"
"167","9","3034"
"167","9","3038"
"168","0","3035"
"168","0","3036"
"168","1","3037"
"168","1","3039"
"168","2","3040"
"168","2","3112"
"168","3","3042"
"168","4","3041"
"168","5","3046"
"168","6","3043"
"168","6","3053"
"168","7","3044"
"168","8","3045"
"168","9","3047"
"168","9","3048"
"169","0","3049"
"169","0","3050"
"169","1","3051"
"169","1","3052"
"169","1","3055"
"169","2","3054"
"169","2","3056"
"169","2","3057"
"169","3","3058"
"169","3","3059"
"169","4","3060"
"169","4","3061"
"169","4","3062"
"169","5","3063"
"169","5","3064"
"169","5","3068"
"169","6","3065"
"169","6","3066"
"169","7","3067"
"169","7","3069"
"169","7","3070"
"169","8","3071"
"169","8","3072"
"169","9","3073"
"170","0","3074"
"170","0","3075"
"170","2","3076"
"170","2","3077"
"170","3","3078"
"170","3","3079"
"170","7","3080"
"170","7","3172"
"170","8","3081"
"170","8","3085"
"170","9","3082"
"170","9","3086"
"171","0","3083"
"171","1","3084"
"171","1","3087"
"171","2","3088"
"171","3","3089"
"171","3","3090"
"171","4","3091"
"171","4","3092"
"171","4","3093"
"171","4","3094"
"171","5","3095"
"171","5","3096"
"171","5","3097"
"171","6","3098"
"171","6","3101"
"171","7","3099"
"171","7","3100"
"171","8","3102"
"171","8","3103"
"171","9","3104"
"171","9","3105"
"171","9","3106"
"172","0","3107"
"172","1","3108"
"172","2","3109"
"172","3","3110"
"172","3","3111"
"172","4","3113"
"172","6","3114"
"172","6","3115"
"172","7","3116"
"172","7","3118"
"172","8","3117"
"173","3","3119"
"173","4","3120"
"173","5","3121"
"173","8","3122"
"173","8","3123"
"173","9","3124"
"174","0","3125"
"174","0","3126"
"174","1","3127"
"174","2","3128"
"174","2","3129"
"174","3","3130"
"174","3","3131"
"174","3","3134"
"174","4","3132"
"174","4","3133"
"174","4","3136"
"174","5","3135"
"174","5","3137"
"174","5","3138"
"174","6","3139"
"174","6","3140"
"174","7","3141"
"174","7","3142"
"174","8","3143"
"174","9","3144"
"174","9","3145"
"175","0","3146"
"175","0","3147"
"175","0","3148"
"175","1","3149"
"175","2","3150"
"175","2","3151"
"175","3","3152"
"175","4","3153"
"175","4","3165"
"175","5","3154"
"175","6","3155"
"175","7","3156"
"175","7","3167"
"175","8","3157"
"175","8","3339"
"175","9","3158"
"176","0","3170"
"176","2","3159"
"176","3","3160"
"176","3","3176"
"176","4","3161"
"176","4","3162"
"176","5","3163"
"176","6","3164"
"176","7","3166"
"176","7","3168"
"176","8","3174"
"176","9","3169"
"176","9","3180"
"177","0","3171"
"177","1","3173"
"177","2","3175"
"177","2","3177"
"177","3","3178"
"177","3","3179"
"177","3","3200"
"177","4","3181"
"177","4","3182"
"177","5","3183"
"177","6","3184"
"177","6","3185"
"177","6","3187"
"177","7","3186"
"177","8","3188"
"177","8","3189"
"177","9","3191"
"178","0","3190"
"178","0","3192"
"178","1","3193"
"178","2","3194"
"178","2","3195"
"178","3","3196"
"178","3","3197"
"178","4","3198"
"178","4","3201"
"178","5","3199"
"178","6","3202"
"178","6","3203"
"178","7","3204"
"178","7","3205"
"178","8","3206"
"178","9","3207"
"179","0","3208"
"179","0","3209"
"179","3","3210"
"179","4","3211"
"179","5","3213"
"179","6","3212"
"179","6","3215"
"179","7","3219"
"179","8","3214"
"179","9","3216"
"179","9","3217"
"180","0","3218"
"180","0","3222"
"180","1","3226"
"180","2","3220"
"180","2","3221"
"180","3","3223"
"180","4","3224"
"180","4","3225"
"180","5","3227"
"180","6","3228"
"180","8","3229"
"180","9","3230"
"180","9","3231"
"181","0","3232"
"181","0","3233"
"181","1","3234"
"181","1","3235"
"181","2","3236"
"181","3","3237"
"181","3","3238"
"181","3","3239"
"181","4","3240"
"181","5","3241"
"181","5","3242"
"181","6","3243"
"181","6","3244"
"181","6","3247"
"181","7","3245"
"181","7","3246"
"181","7","3248"
"181","8","3249"
"181","8","3250"
"181","9","3251"
"181","9","3252"
"181","9","3254"
"182","0","3253"
"182","1","3255"
"182","2","3256"
"182","2","3257"
"182","2","3267"
"182","3","3258"
"182","3","3259"
"182","4","3260"
"182","4","3261"
"182","5","3262"
"182","5","3274"
"182","6","3263"
"182","7","3264"
"182","7","3265"
"182","8","3266"
"182","9","3268"
"182","9","3269"
"183","0","3279"
"183","1","3270"
"183","1","3272"
"183","2","3271"
"183","3","3273"
"183","3","3275"
"183","4","3276"
"183","5","3277"
"183","7","3278"
"183","7","3280"
"184","0","3281"
"184","0","3282"
"184","1","3283"
"184","2","3284"
"184","2","3285"
"184","2","3286"
"184","3","3287"
"184","4","3288"
"184","5","3289"
"184","5","3290"
"184","6","3291"
"184","6","3292"
"184","7","3293"
"184","7","3294"
"184","8","3295"
"184","8","3296"
"184","9","3297"
"184","9","3298"
"185","0","3299"
"185","0","3300"
"185","1","3301"
"185","1","3302"
"185","1","3303"
"185","1","3304"
"185","2","3305"
"185","2","3306"
"185","2","3307"
"185","2","3308"
"185","3","3309"
"185","3","3310"
"185","3","3311"
"185","3","3316"
"185","4","3312"
"185","4","3313"
"185","4","3314"
"185","5","3315"
"185","5","3317"
"185","5","3318"
"185","6","3319"
"185","6","3320"
"185","6","3321"
"185","6","3322"
"185","7","3323"
"185","7","3324"
"185","7","3325"
"185","7","3327"
"185","8","3326"
"185","8","3328"
"185","8","3330"
"185","9","3329"
"185","9","3331"
"185","9","3332"
"186","0","3333"
"186","0","3334"
"186","1","3335"
"186","2","3336"
"186","2","3337"
"186","3","3338"
"186","4","3344"
"186","5","3340"
"186","6","3341"
"186","6","3342"
"186","7","3343"
"186","8","3345"
"186","9","3346"
"187","1","3347"
"187","2","3348"
"187","3","3349"
"187","3","3350"
"187","5","3351"
"187","5","3355"
"187","6","3359"
"187","8","3352"
"187","9","3353"
"188","0","3354"
"188","0","3356"
"188","0","3357"
"188","1","3358"
"188","2","3360"
"188","2","3361"
"188","3","3362"
"188","3","3363"
"188","4","3364"
"188","4","3365"
"188","5","3367"
"188","6","3366"
"188","6","3368"
"188","7","3369"
"188","8","3370"
"188","8","3371"
"188","8","3372"
"188","9","3373"
"188","9","3374"
"189","1","3375"
"189","1","3376"
"189","2","3378"
"189","4","3377"
"189","4","3379"
"189","5","3380"
"189","6","3381"
"189","7","3382"
"189","8","3383"
"189","9","3384"
"189","9","3385"
"190","0","3386"
"190","1","3387"
"190","3","3388"
"190","4","3389"
"190","5","3390"
"190","6","3391"
"190","8","3392"
"190","8","3393"
"190","9","3394"
"191","0","3395"
"191","0","3396"
"191","1","3397"
"191","1","3398"
"191","1","3399"
"191","1","3400"
"191","2","3401"
"191","2","3402"
"191","2","3404"
"191","3","3403"
"191","3","3405"
"191","3","3406"
"191","4","3407"
"191","4","3408"
"191","4","3409"
"191","5","3410"
"191","6","3411"
"191","6","3412"
"191","6","3414"
"191","7","3413"
"191","7","3415"
"191","7","3416"
"191","8","3417"
"191","8","3418"
"191","8","3419"
"191","8","3425"
"191","9","3420"
"192","0","3421"
"192","1","3422"
"192","1","3426"
"192","2","3423"
"192","2","3424"
"192","3","3427"
"192","3","3428"
"192","3","3429"
"192","3","3431"
"192","4","3430"
"192","4","3436"
"192","5","3432"
"192","6","3433"
"192","6","3434"
"192","6","3438"
"192","7","3435"
"192","7","3437"
"192","8","3439"
"192","8","3440"
"192","9","3441"
"192","9","3443"
"193","0","3442"
"193","1","3444"
"193","4","3445"
"193","4","3449"
"193","6","3446"
"193","7","3450"
"193","8","3447"
"193","8","3448"
"193","9","3451"
"194","0","3452"
"194","1","3453"
"194","1","3454"
"194","2","3455"
"194","2","3456"
"194","3","3457"
"194","4","3458"
"194","4","3459"
"194","5","3460"
"194","5","3461"
"194","5","3462"
"194","6","3463"
"194","6","3464"
"194","6","3465"
"194","7","3466"
"194","7","3467"
"194","8","3468"
"194","8","3469"
"194","9","3470"
"194","9","3471"
"194","9","3472"
"195","0","3473"
"195","1","3474"
"195","2","3490"
"195","4","3475"
"195","4","3476"
"195","5","3477"
"195","5","3478"
"195","6","3479"
"195","6","3480"
"195","7","3481"
"195","7","3482"
"195","8","3487"
"195","9","3483"
"196","0","3484"
"196","0","3485"
"196","1","3486"
"196","1","3488"
"196","2","3489"
"196","3","3491"
"196","3","3493"
"196","4","3492"
"196","5","3494"
"196","5","3495"
"196","6","3496"
"196","6","3497"
"196","7","3498"
"196","7","3499"
"196","8","3502"
"196","9","3503"
"197","0","3500"
"197","1","3501"
"197","1","3504"
"197","1","3505"
"197","2","3506"
"197","2","3507"
"197","2","3509"
"197","3","3508"
"197","4","3510"
"197","4","3511"
"197","4","3512"
"197","4","3518"
"197","5","3513"
"197","5","3514"
"197","5","3522"
"197","6","3515"
"197","6","3516"
"197","7","3517"
"197","7","3519"
"197","8","3520"
"197","9","3521"
"197","9","3523"
"197","9","3524"
"197","9","3540"
"198","0","3525"
"198","1","3526"
"198","1","3527"
"198","2","3528"
"198","3","3529"
"198","3","3530"
"198","4","3534"
"198","5","3531"
"198","6","3532"
"198","7","3533"
"198","8","3535"
"198","8","3536"
"198","9","3537"
"198","9","3538"
"199","0","3539"
"199","1","3541"
"199","1","3542"
"199","1","3546"
"199","2","3543"
"199","2","3544"
"199","3","3545"
"199","3","3547"
"199","3","3583"
"199","4","3548"
"199","4","3549"
"199","4","3550"
"199","5","3551"
"199","5","3552"
"199","6","3553"
"199","6","3554"
"199","6","3555"
"199","7","3556"
"199","7","3557"
"199","7","3561"
"199","8","3558"
"199","8","3559"
"199","8","3562"
"199","9","3560"
"199","9","3563"
"200","0","3564"
"200","0","3565"
"200","0","3566"
"200","1","3567"
"200","1","3568"
"200","2","3569"
"200","3","3570"
"200","4","3571"
"200","4","3573"
"200","5","3572"
"200","6","3574"
"200","6","3575"
"200","6","3576"
"200","7","3577"
"200","7","3578"
"200","7","3580"
"200","8","3579"
"200","9","3581"
"200","9","3582"
"201","0","3584"
"201","0","3585"
"201","1","3586"
"201","1","3587"
"201","2","3588"
"201","2","3589"
"201","3","3590"
"201","3","3591"
"201","3","3625"
"201","4","3592"
"201","4","3593"
"201","4","3595"
"201","5","3594"
"201","6","3596"
"201","6","3597"
"201","6","3598"
"201","7","3599"
"201","7","3600"
"201","8","3601"
"201","8","3602"
"201","8","3603"
"201","9","3604"
"202","0","3605"
"202","1","3606"
"202","2","3607"
"202","2","3608"
"202","3","3609"
"202","3","3610"
"202","3","3611"
"202","4","3612"
"202","4","3613"
"202","5","3614"
"202","5","3615"
"202","5","3616"
"202","6","3617"
"202","6","3618"
"202","6","3619"
"202","6","3627"
"202","7","3620"
"202","7","3624"
"202","8","3621"
"202","8","3622"
"202","9","3623"
"202","9","3630"
"203","0","3626"
"203","0","3628"
"203","0","3629"
"203","1","3631"
"203","2","3632"
"203","3","3637"
"203","4","3633"
"203","4","3634"
"203","5","3635"
"203","5","3636"
"203","6","3638"
"203","7","3639"
"203","7","3640"
"203","8","3641"
"203","8","3642"
"203","9","3643"
"204","0","3644"
"204","0","3645"
"204","1","3646"
"204","2","3648"
"204","3","3647"
"204","4","3649"
"204","4","3650"
"204","4","3651"
"204","5","3652"
"204","6","3653"
"204","6","3654"
"204","6","3655"
"204","7","3656"
"204","7","3667"
"204","8","3657"
"204","9","3658"
"205","0","3659"
"205","1","3660"
"205","1","3661"
"205","1","3662"
"205","1","3663"
"205","2","3664"
"205","2","3668"
"205","3","3665"
"205","3","3669"
"205","4","3666"
"205","4","3670"
"205","4","3671"
"205","5","3672"
"205","5","3673"
"205","6","3674"
"205","6","3675"
"205","6","3676"
"205","7","3677"
"205","7","3678"
"205","7","3679"
"205","7","3689"
"205","8","3680"
"205","8","3681"
"205","9","3682"
"205","9","3683"
"206","0","3684"
"206","0","3685"
"206","0","3686"
"206","1","3687"
"206","1","3692"
"206","2","3688"
"206","2","3690"
"206","3","3691"
"206","4","3693"
"206","4","3694"
"206","4","3695"
"206","5","3696"
"206","6","3697"
"206","6","3698"
"206","7","3699"
"206","7","3700"
"206","7","3701"
"206","8","3702"
"206","8","3703"
"206","9","3704"
"207","0","3705"
"207","0","3706"
"207","1","3707"
"207","1","3708"
"207","1","3709"
"207","2","3710"
"207","2","3711"
"207","3","3712"
"207","3","3713"
"207","3","3714"
"207","4","3715"
"207","4","3716"
"207","5","3717"
"207","5","3718"
"207","6","3719"
"207","7","3720"
"207","7","3726"
"207","8","3721"
"207","8","3722"
"207","8","3723"
"207","9","3724"
"207","9","3725"
"207","9","3727"
"208","0","3728"
"208","0","3729"
"208","0","3730"
"208","0","3731"
"208","1","3732"
"208","1","3733"
"208","2","3734"
"208","2","3735"
"208","2","3736"
"208","3","3737"
"208","3","3738"
"208","4","3739"
"208","4","3740"
"208","5","3741"
"208","5","3742"
"208","6","3743"
"208","6","3744"
"208","6","3748"
"208","7","3745"
"208","7","3746"
"208","7","3747"
"208","7","3749"
"208","8","3750"
"208","8","3751"
"208","8","3752"
"208","9","3753"
"208","9","3754"
"209","0","3755"
"209","3","3756"
"209","4","3765"
"209","5","3757"
"209","6","3758"
"209","7","3759"
"209","8","3760"
"210","0","3761"
"210","0","3763"
"210","1","3762"
"210","1","3764"
"210","2","3766"
"210","2","3769"
"210","3","3767"
"210","5","3768"
"210","5","3770"
"210","6","3771"
"210","6","3772"
"210","7","3779"
"210","8","3797"
"210","9","3773"
"211","1","3774"
"211","2","3776"
"211","4","3778"
"211","5","3782"
"211","6","3788"
"211","7","3775"
"211","8","3777"
"211","9","3780"
"212","0","3783"
"212","1","3804"
"212","2","3781"
"212","2","3784"
"212","3","3785"
"212","4","3786"
"212","4","3787"
"212","5","3789"
"212","5","3819"
"212","6","3790"
"212","7","3791"
"212","7","3792"
"212","8","3793"
"212","8","3794"
"212","9","3795"
"212","9","3796"
"213","0","3798"
"213","0","3799"
"213","1","3800"
"213","2","3801"
"213","2","3802"
"213","3","3803"
"213","3","3805"
"213","3","3806"
"213","4","3807"
"213","4","3808"
"213","5","3809"
"213","5","3810"
"213","5","3811"
"213","6","3812"
"213","6","3813"
"213","6","3814"
"213","7","3815"
"213","7","3816"
"213","7","3817"
"213","8","3818"
"213","8","3820"
"213","8","3821"
"213","8","3838"
"213","9","3822"
"213","9","3823"
"214","0","3824"
"214","0","3825"
"214","1","3826"
"214","2","3827"
"214","2","3828"
"214","3","3829"
"214","4","3830"
"214","5","3831"
"214","6","3832"
"214","7","3833"
"214","7","3834"
"214","8","3835"
"214","9","3836"
"215","1","3837"
"215","2","3839"
"215","4","3840"
"215","4","3841"
"215","5","3842"
"215","7","3843"
"215","7","3844"
"215","8","3845"
"215","8","3846"
"215","9","3847"
"216","0","3848"
"216","1","3849"
"216","1","3850"
"216","2","3854"
"216","3","3871"
"216","4","3851"
"216","4","3852"
"216","5","3853"
"216","5","3856"
"216","6","3855"
"216","7","3857"
"216","8","3858"
"216","9","3859"
"217","0","3860"
"217","0","3861"
"217","0","3862"
"217","0","3865"
"217","1","3863"
"217","1","3864"
"217","1","3866"
"217","2","3867"
"217","2","3868"
"217","2","3869"
"217","2","3870"
"217","3","3872"
"217","3","3873"
"217","3","3874"
"217","3","3875"
"217","4","3876"
"217","4","3877"
"217","4","3878"
"217","4","3879"
"217","5","3880"
"217","5","3881"
"217","5","3882"
"217","5","3883"
"217","6","3884"
"217","6","3885"
"217","6","3886"
"217","6","3887"
"217","7","3888"
"217","7","3889"
"217","7","3890"
"217","7","3893"
"217","8","3891"
"217","8","3892"
"217","9","3894"
"217","9","3895"
"217","9","3896"
"217","9","3897"
"217","9","3899"
"218","0","3898"
"218","0","3900"
"218","0","3901"
"218","1","3902"
"218","1","3903"
"218","1","3906"
"218","2","3904"
"218","2","3908"
"218","3","3905"
"218","3","3907"
"218","4","3909"
"218","4","3910"
"218","4","3922"
"218","5","3911"
"218","5","3912"
"218","5","3913"
"218","6","3914"
"218","6","3916"
"218","7","3915"
"218","7","3917"
"218","7","3918"
"218","8","3919"
"218","8","3920"
"218","8","3921"
"218","9","3923"
"218","9","3924"
"219","0","3925"
"219","0","3926"
"219","0","3927"
"219","0","3928"
"219","1","3929"
"219","1","3930"
"219","2","3931"
"219","2","3932"
"219","2","3933"
"219","2","3936"
"219","3","3934"
"219","3","3935"
"219","4","3937"
"219","4","3938"
"219","4","3939"
"219","5","3940"
"219","5","3941"
"219","5","3942"
"219","6","3943"
"219","6","3944"
"219","6","3945"
"219","7","3946"
"219","7","3947"
"219","7","3948"
"219","7","3949"
"219","8","3950"
"219","8","3951"
"219","8","3952"
"219","8","3953"
"219","9","3954"
"219","9","3955"
"220","0","3956"
"220","0","3957"
"220","2","3958"
"220","4","3959"
"220","6","3960"
"220","9","3961"
"221","0","3962"
"221","0","3963"
"221","0","3964"
"221","0","3965"
"221","1","3966"
"221","1","3967"
"221","1","3968"
"221","2","3969"
"221","2","3970"
"221","2","3971"
"221","2","3972"
"221","3","3973"
"221","3","3974"
"221","3","3975"
"221","4","3976"
"221","4","3977"
"221","4","3978"
"221","4","3979"
"221","5","3980"
"221","5","3981"
"221","5","3982"
"221","5","3983"
"221","6","3984"
"221","6","3985"
"221","6","3986"
"221","7","3987"
"221","7","3988"
"221","8","3989"
"221","8","3990"
"221","8","3991"
"221","8","3992"
"221","9","3993"
"221","9","3994"
"221","9","3995"
"222","0","3996"
"222","0","3998"
"222","1","3997"
"222","1","3999"
"222","2","4000"
"222","2","4001"
"222","2","4002"
"222","3","4003"
"222","4","4004"
"222","4","4005"
"222","5","4006"
"222","6","4007"
"222","7","4008"
"222","7","4009"
"222","7","4011"
"222","8","4012"
"222","9","4010"
"222","9","4013"
"222","9","4020"
"223","0","4014"
"223","0","4015"
"223","1","4016"
"223","1","4017"
"223","1","4018"
"223","2","4019"
"223","2","4021"
"223","2","4025"
"223","3","4022"
"223","3","4023"
"223","3","4024"
"223","4","4026"
"223","4","4029"
"223","5","4027"
"223","5","4028"
"223","5","4030"
"223","6","4031"
"223","6","4032"
"223","7","4033"
"223","7","4034"
"223","8","4035"
"223","8","4036"
"223","9","4037"
"223","9","4038"
"223","9","4039"
"224","0","4040"
"224","3","4041"
"224","5","4042"
"224","6","4043"
"224","7","4044"
"224","8","4045"
"224","9","4046"
"225","0","4047"
"225","0","4048"
"225","1","4049"
"225","1","4050"
"225","1","4051"
"225","2","4052"
"225","3","4053"
"225","3","4059"
"225","4","4054"
"225","4","4060"
"225","5","4055"
"225","5","4056"
"225","6","4057"
"225","6","4058"
"225","7","4061"
"225","7","4062"
"225","8","4063"
"225","8","4064"
"225","9","4065"
"225","9","4069"
"226","0","4066"
"226","0","4067"
"226","1","4068"
"226","1","4088"
"226","2","4070"
"226","2","4075"
"226","3","4071"
"226","4","4072"
"226","5","4073"
"226","6","4074"
"226","6","4076"
"226","8","4077"
"226","8","4079"
"227","0","4078"
"227","1","4080"
"227","1","4081"
"227","2","4082"
"227","2","4083"
"227","3","4084"
"227","3","4096"
"227","4","4089"
"227","5","4085"
"227","5","4086"
"227","6","4087"
"227","6","4090"
"227","6","4101"
"227","7","4091"
"227","8","4092"
"227","9","4093"
"227","9","4094"
"227","9","4095"
"228","0","4097"
"228","0","4098"
"228","1","4099"
"228","2","4100"
"228","2","4124"
"228","3","4102"
"228","3","4103"
"228","3","4107"
"228","4","4108"
"228","5","4104"
"228","5","4105"
"228","6","4106"
"228","6","4109"
"228","7","4110"
"228","7","4111"
"228","8","4112"
"228","9","4113"
"228","9","4114"
"229","0","4115"
"229","0","4116"
"229","1","4117"
"229","1","4118"
"229","1","4119"
"229","2","4120"
"229","2","4121"
"229","2","4122"
"229","3","4126"
"229","4","4123"
"229","4","4125"
"229","5","4131"
"229","6","4127"
"229","6","4128"
"229","7","4129"
"229","8","4130"
"229","9","4132"
"230","1","4144"
"230","2","4133"
"230","2","4137"
"230","3","4134"
"230","4","4135"
"230","5","4136"
"230","6","4138"
"230","8","4140"
"230","9","4139"
"231","0","4141"
"231","0","4172"
"231","1","4142"
"231","2","4143"
"231","2","4145"
"231","3","4146"
"231","3","4149"
"231","4","4154"
"231","5","4150"
"231","6","4147"
"231","6","4148"
"231","8","4151"
"231","8","4152"
"231","9","4153"
"231","9","4155"
"232","0","4156"
"232","0","4157"
"232","1","4158"
"232","1","4159"
"232","1","4160"
"232","1","4161"
"232","2","4162"
"232","2","4163"
"232","2","4164"
"232","3","4165"
"232","3","4166"
"232","3","4167"
"232","3","4169"
"232","4","4168"
"232","4","4170"
"232","4","4171"
"232","4","4173"
"232","5","4174"
"232","5","4175"
"232","5","4176"
"232","6","4177"
"232","6","4178"
"232","6","4179"
"232","7","4180"
"232","7","4181"
"232","7","4182"
"232","8","4183"
"232","8","4184"
"232","9","4185"
"232","9","4186"
"233","0","4187"
"233","1","4188"
"233","1","4189"
"233","1","4190"
"233","2","4191"
"233","2","4192"
"233","2","4193"
"233","3","4194"
"233","3","4195"
"233","3","4197"
"233","4","4198"
"233","5","4200"
"233","6","4196"
"233","6","4199"
"233","7","4201"
"233","7","4202"
"233","7","4203"
"233","8","4205"
"233","9","4204"
"234","0","4206"
"234","0","4207"
"234","1","4208"
"234","5","4209"
"234","7","4210"
"234","8","4211"
"235","0","4212"
"235","1","4213"
"235","1","4214"
"235","1","4229"
"235","2","4215"
"235","2","4227"
"235","3","4216"
"235","3","4217"
"235","4","4218"
"235","4","4219"
"235","5","4220"
"235","5","4221"
"235","5","4222"
"235","6","4223"
"235","7","4224"
"235","7","4225"
"235","8","4226"
"235","8","4228"
"235","9","4230"
"235","9","4231"
"236","0","4232"
"236","1","4233"
"236","2","4234"
"236","2","4235"
"236","3","4236"
"236","4","4237"
"236","5","4238"
"236","5","4239"
"236","5","4243"
"236","6","4240"
"236","8","4241"
"236","8","4245"
"236","9","4242"
"236","9","4244"
"237","0","4246"
"237","0","4247"
"237","1","4248"
"237","2","4249"
"237","3","4250"
"237","3","4259"
"237","6","4251"
"237","7","4252"
"237","7","4253"
"237","9","4254"
"238","1","4256"
"238","2","4255"
"238","3","4257"
"238","3","4258"
"238","4","4260"
"238","4","4261"
"238","6","4262"
"238","8","4263"
"238","8","4264"
"238","9","4265"
"239","0","4266"
"239","0","4267"
"239","0","4268"
"239","1","4269"
"239","1","4270"
"239","1","4271"
"239","2","4272"
"239","3","4273"
"239","3","4276"
"239","4","4274"
"239","4","4300"
"239","5","4275"
"239","6","4277"
"239","6","4278"
"239","6","4280"
"239","7","4279"
"239","7","4281"
"239","7","4282"
"239","8","4283"
"239","8","4284"
"239","8","4287"
"239","9","4285"
"239","9","4286"
"239","9","4288"
"240","1","4289"
"240","2","4290"
"240","2","4295"
"240","3","4291"
"240","4","4292"
"240","5","4293"
"240","8","4302"
"241","0","4294"
"241","0","4305"
"241","1","4297"
"241","2","4296"
"241","2","4298"
"241","3","4304"
"241","4","4299"
"241","4","4301"
"241","5","4303"
"241","6","4306"
"241","7","4307"
"241","7","4315"
"242","0","4308"
"242","1","4309"
"242","2","4310"
"242","2","4311"
"242","2","4312"
"242","3","4313"
"242","3","4314"
"242","3","4318"
"242","4","4316"
"242","4","4320"
"242","5","4317"
"242","5","4321"
"242","6","4319"
"242","6","4322"
"242","6","4323"
"242","7","4324"
"242","7","4325"
"242","7","4330"
"242","8","4326"
"242","8","4327"
"242","9","4331"
"243","0","4328"
"243","1","4329"
"243","1","4332"
"243","1","4333"
"243","2","4334"
"243","2","4335"
"243","2","4338"
"243","3","4336"
"243","3","4337"
"243","3","4341"
"243","4","4339"
"243","4","4340"
"243","5","4342"
"243","5","4343"
"243","5","4344"
"243","6","4345"
"243","6","4346"
"243","6","4347"
"243","7","4348"
"243","7","4349"
"243","8","4350"
"243","9","4351"
"243","9","4352"
"243","9","4353"
"244","0","4354"
"244","0","4355"
"244","0","4363"
"244","1","4356"
"244","1","4357"
"244","1","4372"
"244","2","4358"
"244","2","4359"
"244","2","4360"
"244","3","4361"
"244","3","4362"
"244","3","4364"
"244","4","4365"
"244","4","4366"
"244","4","4367"
"244","5","4368"
"244","5","4369"
"244","6","4370"
"244","6","4371"
"244","6","4373"
"244","7","4374"
"244","7","4376"
"244","8","4375"
"244","8","4377"
"244","8","4378"
"244","9","4379"
"244","9","4380"
"245","0","4381"
"245","0","4382"
"245","1","4383"
"245","1","4384"
"245","2","4385"
"245","2","4386"
"245","3","4387"
"245","3","4388"
"245","4","4389"
"245","4","4390"
"245","4","4392"
"245","5","4391"
"245","5","4393"
"245","6","4394"
"245","6","4397"
"245","7","4395"
"245","7","4396"
"245","7","4398"
"245","8","4399"
"245","8","4402"
"245","9","4400"
"245","9","4401"
"245","9","4403"
"246","0","4404"
"246","0","4405"
"246","0","4406"
"246","1","4407"
"246","1","4408"
"246","2","4409"
"246","2","4410"
"246","3","4411"
"246","3","4412"
"246","3","4413"
"246","4","4414"
"246","4","4415"
"246","5","4416"
"246","5","4417"
"246","6","4418"
"246","6","4419"
"246","6","4428"
"246","7","4420"
"246","7","4441"
"246","8","4421"
"246","9","4422"
"247","0","4423"
"247","1","4425"
"247","2","4424"
"247","3","4426"
"247","5","4427"
"247","6","4429"
"247","6","4431"
"247","7","4430"
"247","8","4433"
"247","9","4443"
